-- seed.sql — Dados fictícios para desenvolvimento local
-- NUNCA usar dados reais de membros
-- Executar após migrations: pnpm supabase:seed

-- ============================================================
-- Usuários de autenticação (inseridos via auth.users)
-- ============================================================
-- Senha padrão de todos os usuários de seed: Huios@2026
INSERT INTO auth.users (id, email, encrypted_password, email_confirmed_at, created_at, updated_at, raw_app_meta_data, raw_user_meta_data)
VALUES
  ('00000000-0000-0000-0000-000000000001', 'admin@huios.dev',       crypt('Huios@2026', gen_salt('bf')), now(), now(), now(), '{"provider":"email","providers":["email"]}', '{}'),
  ('00000000-0000-0000-0000-000000000002', 'coord@huios.dev',       crypt('Huios@2026', gen_salt('bf')), now(), now(), now(), '{"provider":"email","providers":["email"]}', '{}'),
  ('00000000-0000-0000-0000-000000000003', 'lider.norte@huios.dev', crypt('Huios@2026', gen_salt('bf')), now(), now(), now(), '{"provider":"email","providers":["email"]}', '{}'),
  ('00000000-0000-0000-0000-000000000004', 'lider.sul@huios.dev',   crypt('Huios@2026', gen_salt('bf')), now(), now(), now(), '{"provider":"email","providers":["email"]}', '{}'),
  ('00000000-0000-0000-0000-000000000005', 'lider.leste@huios.dev', crypt('Huios@2026', gen_salt('bf')), now(), now(), now(), '{"provider":"email","providers":["email"]}', '{}'),
  ('00000000-0000-0000-0000-000000000006', 'lider.oeste@huios.dev', crypt('Huios@2026', gen_salt('bf')), now(), now(), now(), '{"provider":"email","providers":["email"]}', '{}'),
  ('00000000-0000-0000-0000-000000000007', 'lider.centro@huios.dev',crypt('Huios@2026', gen_salt('bf')), now(), now(), now(), '{"provider":"email","providers":["email"]}', '{}');

-- ============================================================
-- Perfis
-- ============================================================
INSERT INTO profiles (id, full_name, email, role, active) VALUES
  ('00000000-0000-0000-0000-000000000001', 'Admin HUIOS',       'admin@huios.dev',        'admin',       true),
  ('00000000-0000-0000-0000-000000000002', 'Coord. HUIOS',      'coord@huios.dev',        'coordinator', true),
  ('00000000-0000-0000-0000-000000000003', 'Lucas Ferreira',    'lider.norte@huios.dev',  'leader',      true),
  ('00000000-0000-0000-0000-000000000004', 'Camila Souza',      'lider.sul@huios.dev',    'leader',      true),
  ('00000000-0000-0000-0000-000000000005', 'Rafael Oliveira',   'lider.leste@huios.dev',  'leader',      true),
  ('00000000-0000-0000-0000-000000000006', 'Juliana Mendes',    'lider.oeste@huios.dev',  'leader',      true),
  ('00000000-0000-0000-0000-000000000007', 'André Costa',       'lider.centro@huios.dev', 'leader',      true);

-- ============================================================
-- Rede e GRs
-- ============================================================
INSERT INTO networks (id, name) VALUES
  ('10000000-0000-0000-0000-000000000001', 'HUIOS');

INSERT INTO groups (id, network_id, name, leader_id, day_of_week, meeting_time, scheduled_end_time, location) VALUES
  ('20000000-0000-0000-0000-000000000001', '10000000-0000-0000-0000-000000000001', 'GR Norte',  '00000000-0000-0000-0000-000000000003', 3, '19:30', '21:00', 'Setor Norte'),
  ('20000000-0000-0000-0000-000000000002', '10000000-0000-0000-0000-000000000001', 'GR Sul',    '00000000-0000-0000-0000-000000000004', 4, '19:00', '20:30', 'Setor Sul'),
  ('20000000-0000-0000-0000-000000000003', '10000000-0000-0000-0000-000000000001', 'GR Leste',  '00000000-0000-0000-0000-000000000005', 2, '20:00', '21:30', 'Setor Leste'),
  ('20000000-0000-0000-0000-000000000004', '10000000-0000-0000-0000-000000000001', 'GR Oeste',  '00000000-0000-0000-0000-000000000006', 5, '19:30', '21:00', 'Setor Oeste'),
  ('20000000-0000-0000-0000-000000000005', '10000000-0000-0000-0000-000000000001', 'GR Centro', '00000000-0000-0000-0000-000000000007', 6, '10:00', '11:30', 'Setor Central');

-- ============================================================
-- Pessoas fictícias
-- ============================================================
INSERT INTO people (id, full_name, phone, birthdate) VALUES
  -- GR Norte
  ('30000000-0000-0000-0000-000000000001', 'Marcos Alves',       '+5562991110001', '1995-03-12'),
  ('30000000-0000-0000-0000-000000000002', 'Tatiane Rocha',      '+5562991110002', '1998-07-22'),
  ('30000000-0000-0000-0000-000000000003', 'Bruno Lima',         '+5562991110003', '1993-11-05'),
  ('30000000-0000-0000-0000-000000000004', 'Fernanda Castro',    '+5562991110004', '2000-01-30'),
  ('30000000-0000-0000-0000-000000000005', 'Diego Martins',      '+5562991110005', '1990-09-18'),
  ('30000000-0000-0000-0000-000000000006', 'Priscila Nunes',     '+5562991110006', '1997-04-14'),
  -- GR Sul
  ('30000000-0000-0000-0000-000000000007', 'Henrique Barros',    '+5562991110007', '1994-06-08'),
  ('30000000-0000-0000-0000-000000000008', 'Larissa Cardoso',    '+5562991110008', '1999-12-25'),
  ('30000000-0000-0000-0000-000000000009', 'Thiago Ribeiro',     '+5562991110009', '1992-02-17'),
  ('30000000-0000-0000-0000-000000000010', 'Aline Pereira',      '+5562991110010', '1996-08-03'),
  ('30000000-0000-0000-0000-000000000011', 'Gustavo Santos',     '+5562991110011', '2001-05-20'),
  ('30000000-0000-0000-0000-000000000012', 'Natalia Gomes',      '+5562991110012', '1988-10-11'),
  -- GR Leste
  ('30000000-0000-0000-0000-000000000013', 'Rodrigo Dias',       '+5562991110013', '1991-03-29'),
  ('30000000-0000-0000-0000-000000000014', 'Vanessa Moreira',    '+5562991110014', '1997-07-07'),
  ('30000000-0000-0000-0000-000000000015', 'Felipe Araújo',      '+5562991110015', '2000-11-15'),
  ('30000000-0000-0000-0000-000000000016', 'Carolina Lopes',     '+5562991110016', '1995-01-23'),
  ('30000000-0000-0000-0000-000000000017', 'Leonardo Carvalho',  '+5562991110017', '1993-09-01'),
  ('30000000-0000-0000-0000-000000000018', 'Amanda Teixeira',    '+5562991110018', '1999-04-19'),
  -- GR Oeste
  ('30000000-0000-0000-0000-000000000019', 'Eduardo Pinto',      '+5562991110019', '1990-06-30'),
  ('30000000-0000-0000-0000-000000000020', 'Isabela Ramos',      '+5562991110020', '1998-02-14'),
  ('30000000-0000-0000-0000-000000000021', 'Matheus Vieira',     '+5562991110021', '1996-08-22'),
  ('30000000-0000-0000-0000-000000000022', 'Patrícia Melo',      '+5562991110022', '1994-12-05'),
  ('30000000-0000-0000-0000-000000000023', 'Renato Figueiredo',  '+5562991110023', '2001-03-17'),
  -- GR Centro
  ('30000000-0000-0000-0000-000000000024', 'Gabriela Correia',   '+5562991110024', '1997-05-28'),
  ('30000000-0000-0000-0000-000000000025', 'Danilo Barbosa',     '+5562991110025', '1992-10-09'),
  ('30000000-0000-0000-0000-000000000026', 'Letícia Nascimento', '+5562991110026', '1995-07-16'),
  ('30000000-0000-0000-0000-000000000027', 'Paulo Cavalcanti',   '+5562991110027', '1988-01-04'),
  ('30000000-0000-0000-0000-000000000028', 'Simone Andrade',     '+5562991110028', '2000-09-13'),
  ('30000000-0000-0000-0000-000000000029', 'Vinícius Cunha',     '+5562991110029', '1993-12-31'),
  ('30000000-0000-0000-0000-000000000030', 'Mariana Freitas',    '+5562991110030', '1999-06-06');

-- ============================================================
-- Vínculos pessoa ↔ GR
-- ============================================================
INSERT INTO group_relationships (person_id, group_id, type, status) VALUES
  -- GR Norte (6 membros)
  ('30000000-0000-0000-0000-000000000001', '20000000-0000-0000-0000-000000000001', 'member', 'active'),
  ('30000000-0000-0000-0000-000000000002', '20000000-0000-0000-0000-000000000001', 'member', 'active'),
  ('30000000-0000-0000-0000-000000000003', '20000000-0000-0000-0000-000000000001', 'member', 'active'),
  ('30000000-0000-0000-0000-000000000004', '20000000-0000-0000-0000-000000000001', 'member', 'active'),
  ('30000000-0000-0000-0000-000000000005', '20000000-0000-0000-0000-000000000001', 'member', 'active'),
  ('30000000-0000-0000-0000-000000000006', '20000000-0000-0000-0000-000000000001', 'visitor','active'),
  -- GR Sul (6 membros)
  ('30000000-0000-0000-0000-000000000007', '20000000-0000-0000-0000-000000000002', 'member', 'active'),
  ('30000000-0000-0000-0000-000000000008', '20000000-0000-0000-0000-000000000002', 'member', 'active'),
  ('30000000-0000-0000-0000-000000000009', '20000000-0000-0000-0000-000000000002', 'member', 'active'),
  ('30000000-0000-0000-0000-000000000010', '20000000-0000-0000-0000-000000000002', 'member', 'active'),
  ('30000000-0000-0000-0000-000000000011', '20000000-0000-0000-0000-000000000002', 'member', 'active'),
  ('30000000-0000-0000-0000-000000000012', '20000000-0000-0000-0000-000000000002', 'visitor','active'),
  -- GR Leste (6 membros)
  ('30000000-0000-0000-0000-000000000013', '20000000-0000-0000-0000-000000000003', 'member', 'active'),
  ('30000000-0000-0000-0000-000000000014', '20000000-0000-0000-0000-000000000003', 'member', 'active'),
  ('30000000-0000-0000-0000-000000000015', '20000000-0000-0000-0000-000000000003', 'member', 'active'),
  ('30000000-0000-0000-0000-000000000016', '20000000-0000-0000-0000-000000000003', 'member', 'active'),
  ('30000000-0000-0000-0000-000000000017', '20000000-0000-0000-0000-000000000003', 'member', 'active'),
  ('30000000-0000-0000-0000-000000000018', '20000000-0000-0000-0000-000000000003', 'visitor','active'),
  -- GR Oeste (5 membros)
  ('30000000-0000-0000-0000-000000000019', '20000000-0000-0000-0000-000000000004', 'member', 'active'),
  ('30000000-0000-0000-0000-000000000020', '20000000-0000-0000-0000-000000000004', 'member', 'active'),
  ('30000000-0000-0000-0000-000000000021', '20000000-0000-0000-0000-000000000004', 'member', 'active'),
  ('30000000-0000-0000-0000-000000000022', '20000000-0000-0000-0000-000000000004', 'member', 'active'),
  ('30000000-0000-0000-0000-000000000023', '20000000-0000-0000-0000-000000000004', 'visitor','active'),
  -- GR Centro (7 membros)
  ('30000000-0000-0000-0000-000000000024', '20000000-0000-0000-0000-000000000005', 'member', 'active'),
  ('30000000-0000-0000-0000-000000000025', '20000000-0000-0000-0000-000000000005', 'member', 'active'),
  ('30000000-0000-0000-0000-000000000026', '20000000-0000-0000-0000-000000000005', 'member', 'active'),
  ('30000000-0000-0000-0000-000000000027', '20000000-0000-0000-0000-000000000005', 'member', 'active'),
  ('30000000-0000-0000-0000-000000000028', '20000000-0000-0000-0000-000000000005', 'member', 'active'),
  ('30000000-0000-0000-0000-000000000029', '20000000-0000-0000-0000-000000000005', 'member', 'active'),
  ('30000000-0000-0000-0000-000000000030', '20000000-0000-0000-0000-000000000005', 'visitor','active');

-- ============================================================
-- Reuniões e frequência — GR Norte (Fase 3)
-- Datas no passado para demonstrar o sistema
-- ============================================================

-- Reunião 1: 5 semanas atrás — relatório enviado
INSERT INTO meetings (id, group_id, scheduled_at, status, report_submitted_at, notes) VALUES
  ('40000000-0000-0000-0000-000000000001',
   '20000000-0000-0000-0000-000000000001',
   now() - interval '35 days',
   'completed',
   now() - interval '35 days' + interval '2 hours',
   'Estudo sobre comunidade');

INSERT INTO attendance_records (meeting_id, person_id, status) VALUES
  ('40000000-0000-0000-0000-000000000001', '30000000-0000-0000-0000-000000000001', 'present'),
  ('40000000-0000-0000-0000-000000000001', '30000000-0000-0000-0000-000000000002', 'present'),
  ('40000000-0000-0000-0000-000000000001', '30000000-0000-0000-0000-000000000003', 'present'),
  ('40000000-0000-0000-0000-000000000001', '30000000-0000-0000-0000-000000000004', 'absent'),
  ('40000000-0000-0000-0000-000000000001', '30000000-0000-0000-0000-000000000005', 'present');

-- Reunião 2: 4 semanas atrás — relatório enviado
INSERT INTO meetings (id, group_id, scheduled_at, status, report_submitted_at) VALUES
  ('40000000-0000-0000-0000-000000000002',
   '20000000-0000-0000-0000-000000000001',
   now() - interval '28 days',
   'completed',
   now() - interval '28 days' + interval '3 hours');

INSERT INTO attendance_records (meeting_id, person_id, status) VALUES
  ('40000000-0000-0000-0000-000000000002', '30000000-0000-0000-0000-000000000001', 'present'),
  ('40000000-0000-0000-0000-000000000002', '30000000-0000-0000-0000-000000000002', 'excused'),
  ('40000000-0000-0000-0000-000000000002', '30000000-0000-0000-0000-000000000003', 'present'),
  ('40000000-0000-0000-0000-000000000002', '30000000-0000-0000-0000-000000000004', 'absent'),
  ('40000000-0000-0000-0000-000000000002', '30000000-0000-0000-0000-000000000005', 'on_leave');

-- Reunião 3: 3 semanas atrás — cancelada
INSERT INTO meetings (id, group_id, scheduled_at, status, notes) VALUES
  ('40000000-0000-0000-0000-000000000003',
   '20000000-0000-0000-0000-000000000001',
   now() - interval '21 days',
   'cancelled',
   'Cancelada — feriado local');

-- Reunião 4: 2 semanas atrás — relatório enviado
-- Fernanda (004) agora tem 2 ausências seguidas → flag pastoral
INSERT INTO meetings (id, group_id, scheduled_at, status, report_submitted_at) VALUES
  ('40000000-0000-0000-0000-000000000004',
   '20000000-0000-0000-0000-000000000001',
   now() - interval '14 days',
   'completed',
   now() - interval '14 days' + interval '4 hours');

INSERT INTO attendance_records (meeting_id, person_id, status) VALUES
  ('40000000-0000-0000-0000-000000000004', '30000000-0000-0000-0000-000000000001', 'present'),
  ('40000000-0000-0000-0000-000000000004', '30000000-0000-0000-0000-000000000002', 'present'),
  ('40000000-0000-0000-0000-000000000004', '30000000-0000-0000-0000-000000000003', 'absent'),
  ('40000000-0000-0000-0000-000000000004', '30000000-0000-0000-0000-000000000004', 'absent'),
  ('40000000-0000-0000-0000-000000000004', '30000000-0000-0000-0000-000000000005', 'present');

-- Reunião 5: 1 semana atrás — agendada sem relatório (prazo encerrado)
INSERT INTO meetings (id, group_id, scheduled_at, status) VALUES
  ('40000000-0000-0000-0000-000000000005',
   '20000000-0000-0000-0000-000000000001',
   now() - interval '7 days',
   'scheduled');

-- ============================================================
-- Visitantes — GR Norte (Fase 4)
-- Demonstra os três estados: poucas visitas, sugestão de vinculação e já convertido
-- ============================================================

-- Priscila Nunes (006) já cadastrada como visitante — 1 visita registrada
INSERT INTO visitor_visits (group_relationship_id, visited_at)
SELECT id, now() - interval '10 days'
FROM group_relationships
WHERE person_id = '30000000-0000-0000-0000-000000000006'
  AND group_id = '20000000-0000-0000-0000-000000000001'
  AND type = 'visitor';

-- Yasmin Rocha — visitante com exatamente 3 visitas → dispara sugestão de vinculação
INSERT INTO people (id, full_name, phone, birthdate) VALUES
  ('30000000-0000-0000-0000-000000000031', 'Yasmin Rocha', '+5562991110031', '1998-03-02');

INSERT INTO group_relationships (id, person_id, group_id, type, status) VALUES
  ('50000000-0000-0000-0000-000000000001', '30000000-0000-0000-0000-000000000031', '20000000-0000-0000-0000-000000000001', 'visitor', 'active');

INSERT INTO visitor_visits (group_relationship_id, visited_at) VALUES
  ('50000000-0000-0000-0000-000000000001', now() - interval '28 days'),
  ('50000000-0000-0000-0000-000000000001', now() - interval '14 days'),
  ('50000000-0000-0000-0000-000000000001', now() - interval '7 days');

-- Otávio Farias — ex-visitante já convertido a membro, histórico de visitas preservado
INSERT INTO people (id, full_name, phone, birthdate) VALUES
  ('30000000-0000-0000-0000-000000000032', 'Otávio Farias', '+5562991110032', '1996-11-19');

INSERT INTO group_relationships (id, person_id, group_id, type, status) VALUES
  ('50000000-0000-0000-0000-000000000002', '30000000-0000-0000-0000-000000000032', '20000000-0000-0000-0000-000000000001', 'member', 'active');

INSERT INTO visitor_visits (group_relationship_id, visited_at) VALUES
  ('50000000-0000-0000-0000-000000000002', now() - interval '90 days'),
  ('50000000-0000-0000-0000-000000000002', now() - interval '75 days'),
  ('50000000-0000-0000-0000-000000000002', now() - interval '60 days'),
  ('50000000-0000-0000-0000-000000000002', now() - interval '45 days');
